MI0000589	rno-mir-322;rno-mir-322-1;
MI0000591	rno-mir-323;
MI0000593	rno-mir-301;rno-mir-301a;
MI0000594	rno-mir-324;
MI0000596	rno-mir-325;
MI0000599	rno-mir-326;
MI0000600	rno-mir-327;
MI0000601	rno-let-7d;
MI0000602	rno-mir-328;rno-mir-328a;
MI0000604	rno-mir-329;
MI0000606	rno-mir-330;
MI0000608	rno-mir-331;
MI0000610	rno-mir-333;
MI0000611	rno-mir-140;
MI0000612	rno-mir-335;
MI0000613	rno-mir-336;
MI0000614	rno-mir-337;
MI0000616	rno-mir-148b;
MI0000618	rno-mir-338;
MI0000620	rno-mir-339;
MI0000622	rno-mir-340;rno-mir-340-1;
MI0000624	rno-mir-341;
MI0000626	rno-mir-342;
MI0000628	rno-mir-343;
MI0000629	rno-mir-344;rno-mir-344-1;rno-mir-344a-1;
MI0000631	rno-mir-345;
MI0000633	rno-mir-346;
MI0000635	rno-mir-347;
MI0000636	rno-mir-349;
MI0000637	rno-mir-129;rno-mir-129-2;
MI0000638	rno-mir-20;rno-mir-20a;
MI0000639	rno-mir-350;rno-mir-350-1;
MI0000641	rno-mir-7;rno-mir-7-1;rno-mir-7a-1;
MI0000642	rno-mir-351;rno-mir-351-1;
MI0000644	rno-mir-352;
MI0000645	rno-mir-135b;
MI0000647	rno-mir-151;
MI0000648	rno-mir-101b;
MI0000827	rno-let-7a-1;
MI0000828	rno-let-7a-2;
MI0000829	rno-let-7b;
MI0000830	rno-let-7c-1;
MI0000831	rno-let-7c-2;
MI0000832	rno-let-7e;
MI0000833	rno-let-7f-1;
MI0000834	rno-let-7f-2;
MI0000835	rno-let-7i;
MI0000836	rno-mir-7-2;rno-mir-7a-2;
MI0000837	rno-mir-7b;
MI0000838	rno-mir-9-1;rno-mir-9a-1;
MI0000839	rno-mir-9-3;rno-mir-9a-3;
MI0000840	rno-mir-9-2;rno-mir-9a-2;
MI0000841	rno-mir-10a;
MI0000842	rno-mir-10b;
MI0000843	rno-mir-15b;
MI0000844	rno-mir-16;
MI0000845	rno-mir-17;rno-mir-17-1;
MI0000846	rno-mir-18;rno-mir-18a;
MI0000847	rno-mir-19b-1;
MI0000848	rno-mir-19b-2;
MI0000849	rno-mir-19a;
MI0000850	rno-mir-21;
MI0000851	rno-mir-22;
MI0000852	rno-mir-23a;
MI0000853	rno-mir-23b;
MI0000854	rno-mir-24-1;
MI0000855	rno-mir-24-2;
MI0000856	rno-mir-25;
MI0000857	rno-mir-26a;
MI0000858	rno-mir-26b;
MI0000859	rno-mir-27b;
MI0000860	rno-mir-27a;
MI0000861	rno-mir-28;
MI0000862	rno-mir-29b-2;
MI0000863	rno-mir-29a;
MI0000864	rno-mir-29b-1;
MI0000865	rno-mir-29c;rno-mir-29c-1;
MI0000866	rno-mir-30c-1;
MI0000867	rno-mir-30e;
MI0000868	rno-mir-30b;
MI0000869	rno-mir-30d;
MI0000870	rno-mir-30a;
MI0000871	rno-mir-30c-2;
MI0000872	rno-mir-31;rno-mir-31a;
MI0000873	rno-mir-32;
MI0000874	rno-mir-33;
MI0000875	rno-mir-34b;
MI0000876	rno-mir-34c;
MI0000877	rno-mir-34a;
MI0000878	rno-mir-92-1;rno-mir-92a-1;
MI0000879	rno-mir-92-2;rno-mir-92a-2;
MI0000880	rno-mir-93;
MI0000881	rno-mir-96;
MI0000882	rno-mir-98;
MI0000883	rno-mir-99a;
MI0000884	rno-mir-99b;
MI0000885	rno-mir-100;
MI0000886	rno-mir-101;rno-mir-101a;
MI0000887	rno-mir-103-2;
MI0000888	rno-mir-103-1;
MI0000889	rno-mir-106b;
MI0000890	rno-mir-107;
MI0000891	rno-mir-122a;rno-mir-122;
MI0000892	rno-mir-124a-3;rno-mir-124-3;
MI0000893	rno-mir-124a-1;rno-mir-124-1;
MI0000894	rno-mir-124a-2;rno-mir-124-2;
MI0000895	rno-mir-125a;
MI0000896	rno-mir-125b-1;
MI0000897	rno-mir-125b-2;
MI0000898	rno-mir-126;rno-mir-126a;
MI0000899	rno-mir-127;
MI0000900	rno-mir-128a;rno-mir-128-1;
MI0000901	rno-mir-128b;rno-mir-128-2;
MI0000902	rno-mir-129-1;
MI0000903	rno-mir-130a;
MI0000904	rno-mir-130b;
MI0000905	rno-mir-132;
MI0000906	rno-mir-133a;
MI0000907	rno-mir-134;
MI0000908	rno-mir-135a;
MI0000909	rno-mir-136;
MI0000910	rno-mir-137;
MI0000911	rno-mir-138-2;
MI0000912	rno-mir-138-1;
MI0000913	rno-mir-139;
MI0000914	rno-mir-141;
MI0000915	rno-mir-142;
MI0000916	rno-mir-143;
MI0000917	rno-mir-144;
MI0000918	rno-mir-145;
MI0000919	rno-mir-146;rno-mir-146a;
MI0000920	rno-mir-150;
MI0000921	rno-mir-152;
MI0000922	rno-mir-153;
MI0000923	rno-mir-154;
MI0000924	rno-mir-181c;
MI0000925	rno-mir-181a;rno-mir-181a-2;
MI0000926	rno-mir-181b-1;
MI0000927	rno-mir-181b-2;
MI0000928	rno-mir-183;
MI0000929	rno-mir-184;
MI0000930	rno-mir-185;
MI0000931	rno-mir-186;
MI0000932	rno-mir-187;
MI0000933	rno-mir-190;rno-mir-190a;rno-mir-190a-1;
MI0000934	rno-mir-191;rno-mir-191a;
MI0000935	rno-mir-192;
MI0000936	rno-mir-193;rno-mir-193a;
MI0000937	rno-mir-194-1;
MI0000938	rno-mir-194-2;
MI0000939	rno-mir-195;
MI0000940	rno-mir-196;rno-mir-196a;
MI0000941	rno-mir-199a;
MI0000942	rno-mir-200c;
MI0000943	rno-mir-200a;
MI0000944	rno-mir-200b;
MI0000945	rno-mir-203;rno-mir-203a;
MI0000946	rno-mir-204;
MI0000947	rno-mir-205;
MI0000948	rno-mir-206;
MI0000949	rno-mir-208;rno-mir-208a;
MI0000950	rno-mir-210;
MI0000951	rno-mir-211;
MI0000952	rno-mir-212;
MI0000953	rno-mir-213;rno-mir-181a-1;
MI0000954	rno-mir-214;
MI0000955	rno-mir-216;rno-mir-216a;
MI0000956	rno-mir-217;
MI0000957	rno-mir-218-2;rno-mir-218a-2;
MI0000958	rno-mir-218-1;rno-mir-218a-1;
MI0000959	rno-mir-219-1;rno-mir-219a-1;
MI0000960	rno-mir-219-2;rno-mir-219a-2;
MI0000961	rno-mir-221;
MI0000962	rno-mir-222;
MI0000963	rno-mir-223;
MI0000964	rno-mir-290;
MI0000965	rno-mir-291;rno-mir-291a;
MI0000966	rno-mir-292;
MI0000967	rno-mir-296;
MI0000968	rno-mir-297;
MI0000969	rno-mir-298;
MI0000970	rno-mir-299;rno-mir-299a;
MI0000971	rno-mir-300;
MI0000972	rno-mir-320;
MI0000973	rno-mir-321;
MI0001152	rno-mir-196b;rno-mir-196b-1;
MI0001423	rno-mir-421;
MI0001639	rno-mir-448;
MI0001643	rno-mir-429;
MI0001650	rno-mir-449;rno-mir-449a;
MI0001654	rno-mir-450;rno-mir-450a;
MI0001656	rno-mir-365;
MI0001722	rno-mir-431;
MI0001724	rno-mir-433;
MI0001731	rno-mir-451;
MI0003477	rno-mir-489;
MI0003478	rno-mir-383;
MI0003479	rno-mir-207;
MI0003480	rno-mir-501;
MI0003481	rno-mir-361;
MI0003482	rno-mir-215;
MI0003483	rno-mir-224;
MI0003485	rno-mir-483;
MI0003486	rno-mir-370;
MI0003487	rno-mir-377;
MI0003488	rno-mir-412;
MI0003489	rno-mir-1;
MI0003490	rno-mir-133b;
MI0003524	rno-mir-540;
MI0003525	rno-mir-543;
MI0003526	rno-mir-539;
MI0003527	rno-mir-541;
MI0003528	rno-mir-542;rno-mir-542-1;
MI0003540	rno-mir-493;
MI0003541	rno-mir-379;
MI0003542	rno-mir-494;
MI0003543	rno-mir-376c;
MI0003544	rno-mir-376b;
MI0003545	rno-mir-376a;
MI0003546	rno-mir-381;
MI0003547	rno-mir-487b;
MI0003548	rno-mir-382;
MI0003549	rno-mir-485;
MI0003550	rno-mir-409;rno-mir-409a;
MI0003551	rno-mir-369;
MI0003552	rno-mir-374;
MI0003553	rno-mir-363;
MI0003554	rno-mir-20b;
MI0003555	rno-mir-503;rno-mir-503-1;
MI0003719	rno-mir-378;rno-mir-378a;
MI0003720	rno-mir-505;
MI0003721	rno-mir-499;
MI0003722	rno-mir-664-1;
MI0003723	rno-mir-664-2;
MI0003724	rno-mir-497;
MI0006112	rno-mir-466b-1;
MI0006113	rno-mir-466b-2;
MI0006114	rno-mir-466c;
MI0006115	rno-mir-743b;
MI0006116	rno-mir-871;
MI0006117	rno-mir-872;
MI0006118	rno-mir-874;
MI0006119	rno-mir-877;
MI0006120	rno-mir-878;
MI0006121	rno-mir-879;
MI0006122	rno-mir-880;
MI0006123	rno-mir-881;
MI0006126	rno-mir-883;
MI0006130	rno-mir-147;
MI0006131	rno-mir-17-2;
MI0006132	rno-mir-181d;
MI0006133	rno-mir-182;
MI0006134	rno-mir-188;
MI0006135	rno-mir-190b;
MI0006136	rno-mir-196c;
MI0006137	rno-mir-301b;
MI0006140	rno-mir-375;
MI0006141	rno-mir-380;
MI0006142	rno-mir-384;
MI0006143	rno-mir-410;
MI0006144	rno-mir-411;
MI0006145	rno-mir-423;
MI0006146	rno-mir-425;
MI0006147	rno-mir-434;rno-mir-434-1;
MI0006148	rno-mir-455;
MI0006149	rno-mir-463;
MI0006150	rno-mir-471;
MI0006151	rno-mir-484;
MI0006152	rno-mir-495;
MI0006153	rno-mir-500;
MI0006154	rno-mir-532;
MI0006155	rno-mir-598;rno-mir-598-1;
MI0006156	rno-mir-671;
MI0006157	rno-mir-672;
MI0006158	rno-mir-673;
MI0006159	rno-mir-674;
MI0006160	rno-mir-708;
MI0006161	rno-mir-742;
MI0006162	rno-mir-743a;
MI0006163	rno-mir-758;
MI0006164	rno-mir-760;
MI0006165	rno-mir-770;
MI0006166	rno-mir-873;
MI0006167	rno-mir-92b;
MI0006168	rno-mir-488;
MI0006169	rno-mir-652;
MI0006342	rno-mir-146b;
MI0006343	rno-mir-551b;
MI0012584	rno-mir-202;
MI0012585	rno-mir-490;
MI0012586	rno-mir-513;
MI0012587	rno-mir-105;
MI0012588	rno-mir-220;rno-mir-220-1;
MI0012589	rno-mir-1224;
MI0012590	rno-mir-362;
MI0012591	rno-mir-511;
MI0012592	rno-mir-504;
MI0012593	rno-mir-544;
MI0012594	rno-mir-568;
MI0012595	rno-mir-582;
MI0012596	rno-mir-592;
MI0012597	rno-mir-615;
MI0012598	rno-mir-628;
MI0012599	rno-mir-632;
MI0012600	rno-mir-653;
MI0012601	rno-mir-668;
MI0012602	rno-mir-802;
MI0012603	rno-mir-675;
MI0012604	rno-mir-875;
MI0012605	rno-mir-876;
MI0012606	rno-mir-665;
MI0012607	rno-mir-935;
MI0012608	rno-mir-201;
MI0012609	rno-mir-293;
MI0012610	rno-mir-294;
MI0012611	rno-mir-295;rno-mir-295-1;
MI0012612	rno-mir-465;
MI0012613	rno-mir-547;
MI0012614	rno-mir-667;
MI0012615	rno-mir-761;
MI0012616	rno-mir-764;
MI0012617	rno-mir-666;
MI0012618	rno-mir-759;
MI0012619	rno-mir-678;
MI0012620	rno-mir-685;
MI0012621	rno-mir-711;
MI0012622	rno-mir-496;
MI0015395	rno-mir-3541;
MI0015396	rno-mir-3542;rno-mir-3542-1;
MI0015397	rno-mir-3543;rno-mir-3543-1;
MI0015398	rno-mir-3544;
MI0015399	rno-mir-3545;rno-mir-203b;
MI0015400	rno-mir-3546;
MI0015401	rno-mir-3547;
MI0015402	rno-mir-449c;
MI0015403	rno-mir-3085;
MI0015404	rno-mir-3548;
MI0015405	rno-mir-3549;
MI0015406	rno-mir-3550;
MI0015407	rno-mir-3551;
MI0015408	rno-mir-344b-2;
MI0015409	rno-mir-3552;
MI0015410	rno-mir-3553;
MI0015411	rno-mir-3074;
MI0015412	rno-mir-3554;rno-mir-31b;
MI0015413	rno-mir-3555;rno-mir-191b;
MI0015414	rno-mir-3556b;rno-mir-3556b-1;
MI0015415	rno-mir-3557;
MI0015416	rno-mir-3556a;
MI0015417	rno-mir-291b;
MI0015418	rno-mir-3596d;
MI0015419	rno-mir-466d;
MI0015420	rno-mir-3558;
MI0015421	rno-mir-3559;
MI0015422	rno-mir-3560;
MI0015423	rno-mir-3561;
MI0015424	rno-mir-3562;
MI0015425	rno-mir-3563;rno-mir-299b;
MI0015426	rno-mir-3597-3;rno-mir-9b-3;
MI0015427	rno-mir-3564;
MI0015428	rno-mir-3565;rno-mir-218b;
MI0015429	rno-mir-3065;
MI0015430	rno-mir-3597-1;rno-mir-9b-1;
MI0015431	rno-mir-3566;
MI0015432	rno-mir-344a-2;
MI0015433	rno-mir-3567;rno-mir-126b;
MI0015434	rno-mir-208b;
MI0015435	rno-mir-216b;
MI0015436	rno-mir-3568;
MI0015437	rno-mir-3569;
MI0015438	rno-mir-3570;
MI0015439	rno-mir-3597-2;rno-mir-9b-2;
MI0015440	rno-mir-3571;
MI0015441	rno-mir-1949;
MI0015442	rno-mir-3572;
MI0015443	rno-mir-1188;
MI0015444	rno-mir-3573;
MI0015445	rno-mir-1193;
MI0015446	rno-mir-3574;
MI0015447	rno-mir-3575;
MI0015448	rno-mir-3576;
MI0015449	rno-mir-3577;
MI0015450	rno-mir-1912;
MI0015451	rno-mir-3578;
MI0015452	rno-mir-3579;
MI0015453	rno-mir-3580;
MI0015454	rno-mir-3581;rno-mir-409b;
MI0015455	rno-mir-3596b;
MI0015456	rno-mir-3582;rno-mir-133c;
MI0015457	rno-mir-3583;
MI0015458	rno-mir-3584;rno-mir-3584-1;
MI0015459	rno-mir-3596c;
MI0015460	rno-mir-3585;
MI0015461	rno-mir-3586;
MI0015462	rno-mir-2964;rno-mir-219b;
MI0015463	rno-mir-3587;
MI0015464	rno-mir-702;
MI0015465	rno-mir-3596a;
MI0015466	rno-mir-3588;
MI0015467	rno-mir-3589;
MI0015468	rno-mir-3590;
MI0015469	rno-mir-2985;
MI0015470	rno-mir-1249;
MI0015471	rno-mir-3591;rno-mir-122b;
MI0015472	rno-mir-344b-1;
MI0015473	rno-mir-3592;
MI0015474	rno-mir-3593;
MI0015475	rno-mir-3594;
MI0015476	rno-mir-3120;
MI0015477	rno-mir-741;
MI0015478	rno-mir-3595;
MI0015479	rno-mir-328b;
MI0015967	rno-mir-220-2;
MI0015968	rno-mir-295-2;
MI0020343	rno-mir-1199;
MI0021533	rno-mir-1839;
MI0021534	rno-mir-3068;
MI0021535	rno-mir-1843;rno-mir-1843a;
MI0021536	rno-mir-509;
MI0021537	rno-mir-1306;
MI0021538	rno-mir-3473;
MI0021539	rno-mir-6215;
MI0021540	rno-mir-378b;
MI0021541	rno-mir-6216;
MI0021832	rno-mir-6314;
MI0021833	rno-mir-3099;
MI0021834	rno-mir-344i;
MI0021835	rno-mir-6315;
MI0021836	rno-mir-3102;
MI0021837	rno-mir-344g;
MI0021838	rno-mir-6316;
MI0021839	rno-mir-6317;rno-mir-6317-1;
MI0021840	rno-mir-6318;
MI0021841	rno-mir-6319;rno-mir-6319-1;
MI0021842	rno-mir-3075;
MI0021843	rno-mir-6320;
MI0021844	rno-mir-6321;
MI0021845	rno-mir-1298;
MI0021846	rno-mir-6322;
MI0021847	rno-mir-6323;
MI0021848	rno-mir-6324;
MI0021849	rno-mir-6325;
MI0021850	rno-mir-6326;
MI0021851	rno-mir-6327;
MI0021852	rno-mir-6328;
MI0021853	rno-mir-6329;
MI0021854	rno-mir-6330;
MI0021855	rno-mir-6331;
MI0021856	rno-mir-3072;
MI0021857	rno-mir-679;
MI0021858	rno-mir-6332;
MI0021859	rno-mir-6333;
MI0021860	rno-mir-6334;
MI0024715	rno-mir-7578;
MI0025509	rno-mir-155;
MI0030347	rno-let-7g;
MI0030348	rno-mir-1247;
MI0030349	rno-mir-1297;
MI0030350	rno-mir-148a;
MI0030351	rno-mir-149;
MI0030352	rno-mir-15a;
MI0030353	rno-mir-1843b;
MI0030354	rno-mir-1896;
MI0030355	rno-mir-193b;
MI0030356	rno-mir-1956;
MI0030357	rno-mir-3064;
MI0030358	rno-mir-3084a;rno-mir-3084a-1;
MI0030359	rno-mir-3084b-1;rno-mir-3084a-2;
MI0030360	rno-mir-3084c;rno-mir-3084b;
MI0030361	rno-mir-3084d;rno-mir-3084a-3;
MI0030362	rno-mir-450b-1;
MI0030363	rno-mir-452;
MI0030364	rno-mir-5132;
MI0030365	rno-mir-762;
MI0031759	rno-mir-190a-2;
MI0031760	rno-mir-196b-2;
MI0031761	rno-mir-29c-2;
MI0031762	rno-mir-3084b-2;rno-mir-3084a-4;
MI0031763	rno-mir-322-2;
MI0031764	rno-mir-340-2;
MI0031765	rno-mir-350-2;
MI0031766	rno-mir-351-2;
MI0031767	rno-mir-3542-2;
MI0031768	rno-mir-3543-2;
MI0031769	rno-mir-3556b-2;
MI0031770	rno-mir-3584-2;
MI0031771	rno-mir-434-2;
MI0031772	rno-mir-450b-2;
MI0031773	rno-mir-503-2;
MI0031774	rno-mir-598-2;
MI0031775	rno-mir-6317-2;
MI0031776	rno-mir-6319-2;
MI0031777	rno-mir-29b-3;
MI0031778	rno-mir-344b-3;
MI0031779	rno-mir-466b-3;
MI0031780	rno-mir-466b-4;
MI0031781	rno-mir-542-2;
MI0031782	rno-mir-542-3;
MI0031785	rno-mir-1b;
MI0031786	rno-mir-676;
MI0031787	rno-mir-486;
MI0036345	rno-mir-709;
MIMAT0000547	rno-miR-322;rno-miR-322*;rno-miR-322-3p;
MIMAT0000550	rno-miR-323;rno-miR-323-3p;
MIMAT0000552	rno-miR-301;rno-miR-301a;rno-miR-301a-3p;
MIMAT0000553	rno-miR-324-5p;
MIMAT0000554	rno-miR-324-3p;
MIMAT0000557	rno-miR-325;rno-miR-325-5p;
MIMAT0000560	rno-miR-326;rno-miR-326-3p;
MIMAT0000561	rno-miR-327;
MIMAT0000562	rno-let-7d;rno-let-7d-5p;
MIMAT0000563	rno-let-7d*;rno-let-7d-3p;
MIMAT0000564	rno-miR-328;rno-miR-328a;rno-miR-328a-3p;
MIMAT0000566	rno-miR-329;rno-miR-329-3p;
MIMAT0000568	rno-miR-330;rno-miR-330*;rno-miR-330-3p;
MIMAT0000570	rno-miR-331;rno-miR-331-3p;
MIMAT0000572	rno-miR-333;
MIMAT0000573	rno-miR-140;rno-miR-140-5p;
MIMAT0000574	rno-miR-140*;rno-miR-140-3p;
MIMAT0000575	rno-miR-335;
MIMAT0000576	rno-miR-336;rno-miR-336-5p;
MIMAT0000577	rno-miR-337;rno-miR-337-3p;
MIMAT0000579	rno-miR-148b;rno-miR-148b-3p;
MIMAT0000581	rno-miR-338;rno-miR-338-3p;
MIMAT0000583	rno-miR-339;rno-miR-339-5p;
MIMAT0000585	rno-miR-340;rno-miR-340-3p;
MIMAT0000587	rno-miR-341;
MIMAT0000589	rno-miR-342;rno-miR-342-3p;
MIMAT0000591	rno-miR-343;
MIMAT0000592	rno-miR-344;rno-miR-344-3p;rno-miR-344a-3p;
MIMAT0000594	rno-miR-345;rno-miR-345-5p;
MIMAT0000596	rno-miR-346;
MIMAT0000598	rno-miR-347;
MIMAT0000599	rno-miR-349;
MIMAT0000600	rno-miR-129;rno-miR-129-5p;
MIMAT0000601	rno-miR-129*;rno-miR-129-2*;rno-miR-129-2-3p;
MIMAT0000602	rno-miR-20;rno-miR-20a;rno-miR-20a-5p;
MIMAT0000603	rno-miR-20*;rno-miR-20a*;rno-miR-20a-3p;
MIMAT0000604	rno-miR-350;
MIMAT0000606	rno-miR-7;rno-miR-7a;rno-miR-7a-5p;
MIMAT0000607	rno-miR-7*;rno-miR-7a*;rno-miR-7a-1*;rno-miR-7a-1-3p;
MIMAT0000608	rno-miR-351;rno-miR-351-5p;
MIMAT0000610	rno-miR-352;
MIMAT0000611	rno-miR-135b;rno-miR-135b-5p;
MIMAT0000613	rno-miR-151*;rno-miR-151;rno-miR-151-5p;
MIMAT0000614	rno-miR-151;rno-miR-151*;rno-miR-151-3p;
MIMAT0000615	rno-miR-101b;rno-miR-101b-3p;
MIMAT0000774	rno-let-7a;rno-let-7a-5p;
MIMAT0000775	rno-let-7b;rno-let-7b-5p;
MIMAT0000776	rno-let-7c;rno-let-7c-5p;
MIMAT0000777	rno-let-7e;rno-let-7e-5p;
MIMAT0000778	rno-let-7f;rno-let-7f-5p;
MIMAT0000779	rno-let-7i;rno-let-7i-5p;
MIMAT0000780	rno-miR-7b;
MIMAT0000781	rno-miR-9;rno-miR-9a-5p;
MIMAT0000782	rno-miR-10a;rno-miR-10a-5p;
MIMAT0000783	rno-miR-10b;rno-miR-10b-5p;
MIMAT0000784	rno-miR-15b;rno-miR-15b-5p;
MIMAT0000785	rno-miR-16;rno-miR-16-5p;
MIMAT0000786	rno-miR-17;rno-miR-17-5p;
MIMAT0000787	rno-miR-18;rno-miR-18a;rno-miR-18a-5p;
MIMAT0000788	rno-miR-19b;rno-miR-19b-3p;
MIMAT0000789	rno-miR-19a;rno-miR-19a-3p;
MIMAT0000790	rno-miR-21;rno-miR-21-5p;
MIMAT0000791	rno-miR-22;rno-miR-22-3p;
MIMAT0000792	rno-miR-23a;rno-miR-23a-3p;
MIMAT0000793	rno-miR-23b;rno-miR-23b-3p;
MIMAT0000794	rno-miR-24;rno-miR-24-3p;
MIMAT0000795	rno-miR-25;rno-miR-25-3p;
MIMAT0000796	rno-miR-26a;rno-miR-26a-5p;
MIMAT0000797	rno-miR-26b;rno-miR-26b-5p;
MIMAT0000798	rno-miR-27b;rno-miR-27b-3p;
MIMAT0000799	rno-miR-27a;rno-miR-27a-3p;
MIMAT0000800	rno-miR-28;rno-miR-28-5p;
MIMAT0000801	rno-miR-29b;rno-miR-29b-3p;
MIMAT0000802	rno-miR-29a;rno-miR-29a-3p;
MIMAT0000803	rno-miR-29c;rno-miR-29c-3p;
MIMAT0000804	rno-miR-30c;rno-miR-30c-5p;
MIMAT0000805	rno-miR-30e;rno-miR-30e-5p;
MIMAT0000806	rno-miR-30b;rno-miR-30b-5p;
MIMAT0000807	rno-miR-30d;rno-miR-30d-5p;
MIMAT0000808	rno-miR-30a-5p;rno-miR-30a;rno-miR-30a-5p;
MIMAT0000809	rno-miR-30a-3p;rno-miR-30a*;rno-miR-30a-3p;
MIMAT0000810	rno-miR-31;rno-miR-31a-5p;
MIMAT0000811	rno-miR-32;rno-miR-32-5p;
MIMAT0000812	rno-miR-33;rno-miR-33-5p;
MIMAT0000813	rno-miR-34b;rno-miR-34b-5p;
MIMAT0000814	rno-miR-34c;rno-miR-34c-5p;
MIMAT0000815	rno-miR-34a;rno-miR-34a-5p;
MIMAT0000816	rno-miR-92;rno-miR-92a;rno-miR-92a-3p;
MIMAT0000817	rno-miR-93;rno-miR-93-5p;
MIMAT0000818	rno-miR-96;rno-miR-96-5p;
MIMAT0000819	rno-miR-98;rno-miR-98-5p;
MIMAT0000820	rno-miR-99a;rno-miR-99a-5p;
MIMAT0000821	rno-miR-99b;rno-miR-99b-5p;
MIMAT0000822	rno-miR-100;rno-miR-100-5p;
MIMAT0000823	rno-miR-101;rno-miR-101a;rno-miR-101a-3p;
MIMAT0000824	rno-miR-103;rno-miR-103-3p;
MIMAT0000825	rno-miR-106b;rno-miR-106b-5p;
MIMAT0000826	rno-miR-107;rno-miR-107-3p;
MIMAT0000827	rno-miR-122a;rno-miR-122;rno-miR-122-5p;
MIMAT0000828	rno-miR-124a;rno-miR-124;rno-miR-124-3p;
MIMAT0000829	rno-miR-125a;rno-miR-125a-5p;
MIMAT0000830	rno-miR-125b;rno-miR-125b-5p;
MIMAT0000831	rno-miR-126*;rno-miR-126a-5p;
MIMAT0000832	rno-miR-126;rno-miR-126a-3p;
MIMAT0000833	rno-miR-127;rno-miR-127-3p;
MIMAT0000834	rno-miR-128a;rno-miR-128;rno-miR-128-3p;
MIMAT0000835	rno-miR-128b;
MIMAT0000836	rno-miR-130a;rno-miR-130a-3p;
MIMAT0000837	rno-miR-130b;rno-miR-130b-3p;
MIMAT0000838	rno-miR-132;rno-miR-132-3p;
MIMAT0000839	rno-miR-133a;rno-miR-133a-3p;
MIMAT0000840	rno-miR-134;rno-miR-134-5p;
MIMAT0000841	rno-miR-135a;rno-miR-135a-5p;
MIMAT0000842	rno-miR-136;rno-miR-136-5p;
MIMAT0000843	rno-miR-137;rno-miR-137-3p;
MIMAT0000844	rno-miR-138;rno-miR-138-5p;
MIMAT0000845	rno-miR-139;rno-miR-139-5p;
MIMAT0000846	rno-miR-141;rno-miR-141-3p;
MIMAT0000847	rno-miR-142-5p;
MIMAT0000848	rno-miR-142-3p;
MIMAT0000849	rno-miR-143;rno-miR-143-3p;
MIMAT0000850	rno-miR-144;rno-miR-144-3p;
MIMAT0000851	rno-miR-145;rno-miR-145-5p;
MIMAT0000852	rno-miR-146;rno-miR-146a;rno-miR-146a-5p;
MIMAT0000853	rno-miR-150;rno-miR-150-5p;
MIMAT0000854	rno-miR-152;rno-miR-152-3p;
MIMAT0000855	rno-miR-153;rno-miR-153-3p;
MIMAT0000856	rno-miR-154;rno-miR-154-5p;
MIMAT0000857	rno-miR-181c;rno-miR-181c-5p;
MIMAT0000858	rno-miR-181a;rno-miR-181a-5p;
MIMAT0000859	rno-miR-181b;rno-miR-181b-5p;
MIMAT0000860	rno-miR-183;rno-miR-183-5p;
MIMAT0000861	rno-miR-184;
MIMAT0000862	rno-miR-185;rno-miR-185-5p;
MIMAT0000863	rno-miR-186;rno-miR-186-5p;
MIMAT0000864	rno-miR-187;rno-miR-187-3p;
MIMAT0000865	rno-miR-190;rno-miR-190a-5p;
MIMAT0000866	rno-miR-191;rno-miR-191a-5p;
MIMAT0000867	rno-miR-192;rno-miR-192-5p;
MIMAT0000868	rno-miR-193;rno-miR-193-3p;rno-miR-193a-3p;
MIMAT0000869	rno-miR-194;rno-miR-194-5p;
MIMAT0000870	rno-miR-195;rno-miR-195-5p;
MIMAT0000871	rno-miR-196a;rno-miR-196a-5p;
MIMAT0000872	rno-miR-199a;rno-miR-199a-5p;
MIMAT0000873	rno-miR-200c;rno-miR-200c-3p;
MIMAT0000874	rno-miR-200a;rno-miR-200a-3p;
MIMAT0000875	rno-miR-200b;rno-miR-200b-3p;
MIMAT0000876	rno-miR-203;rno-miR-203a-3p;
MIMAT0000877	rno-miR-204;rno-miR-204-5p;
MIMAT0000878	rno-miR-205;
MIMAT0000879	rno-miR-206;rno-miR-206-3p;
MIMAT0000880	rno-miR-208;rno-miR-208a-3p;
MIMAT0000881	rno-miR-210;rno-miR-210-3p;
MIMAT0000882	rno-miR-211;rno-miR-211-5p;
MIMAT0000883	rno-miR-212;rno-miR-212-3p;
MIMAT0000884	rno-miR-213;rno-miR-181a*;rno-miR-181a-1*;rno-miR-181a-1-3p;
MIMAT0000885	rno-miR-214;rno-miR-214-3p;
MIMAT0000886	rno-miR-216;rno-miR-216a;rno-miR-216a-5p;
MIMAT0000887	rno-miR-217;rno-miR-217-5p;
MIMAT0000888	rno-miR-218;rno-miR-218a;rno-miR-218a-5p;
MIMAT0000889	rno-miR-219;rno-miR-219-5p;rno-miR-219a-5p;
MIMAT0000890	rno-miR-221;rno-miR-221-3p;
MIMAT0000891	rno-miR-222;rno-miR-222-3p;
MIMAT0000892	rno-miR-223;rno-miR-223-3p;
MIMAT0000893	rno-miR-290;
MIMAT0000894	rno-miR-291-5p;rno-miR-291a-5p;
MIMAT0000895	rno-miR-291-3p;rno-miR-291a-3p;
MIMAT0000896	rno-miR-292-5p;
MIMAT0000897	rno-miR-292-3p;
MIMAT0000898	rno-miR-296;rno-miR-296*;rno-miR-296-5p;
MIMAT0000899	rno-miR-297;
MIMAT0000900	rno-miR-298;rno-miR-298-5p;
MIMAT0000901	rno-miR-299;rno-miR-299a-5p;
MIMAT0000902	rno-miR-300;rno-miR-300-3p;
MIMAT0000903	rno-miR-320;rno-miR-320-3p;
MIMAT0001082	rno-miR-196b;rno-miR-196b-5p;
MIMAT0001320	rno-miR-421;rno-miR-421-5p;
MIMAT0001534	rno-miR-448;rno-miR-448-3p;
MIMAT0001538	rno-miR-429;
MIMAT0001543	rno-miR-449;rno-miR-449a;rno-miR-449a-5p;
MIMAT0001547	rno-miR-450;rno-miR-450a;rno-miR-450a-5p;
MIMAT0001549	rno-miR-365;rno-miR-365-3p;
MIMAT0001619	rno-miR-424;rno-miR-322;rno-miR-322-5p;
MIMAT0001626	rno-miR-431;
MIMAT0001628	rno-miR-433;rno-miR-433-3p;
MIMAT0001633	rno-miR-451;rno-miR-451-5p;
MIMAT0003113	rno-miR-489;rno-miR-489-3p;
MIMAT0003114	rno-miR-383;rno-miR-383-5p;
MIMAT0003115	rno-miR-207;
MIMAT0003116	rno-miR-501;rno-miR-501-5p;
MIMAT0003117	rno-miR-361;rno-miR-361-5p;
MIMAT0003118	rno-miR-215;
MIMAT0003119	rno-miR-224;rno-miR-224-5p;
MIMAT0003121	rno-miR-483;rno-miR-483-3p;
MIMAT0003122	rno-miR-370;rno-miR-370-3p;
MIMAT0003123	rno-miR-377;rno-miR-377-3p;
MIMAT0003124	rno-miR-412;rno-miR-412-3p;
MIMAT0003125	rno-miR-1;rno-miR-1-3p;
MIMAT0003126	rno-miR-133b;rno-miR-133b-3p;
MIMAT0003152	rno-miR-22*;rno-miR-22-5p;
MIMAT0003153	rno-miR-189;rno-miR-24-1*;rno-miR-24-1-5p;
MIMAT0003154	rno-miR-29c*;rno-miR-29c-5p;
MIMAT0003162	rno-miR-1*;rno-miR-1-5p;
MIMAT0003174	rno-miR-540;rno-miR-540-3p;
MIMAT0003175	rno-miR-543;rno-miR-543*;rno-miR-543-3p;
MIMAT0003176	rno-miR-539;rno-miR-539-5p;
MIMAT0003177	rno-miR-541;rno-miR-541-5p;
MIMAT0003178	rno-miR-542-5p;
MIMAT0003179	rno-miR-542-3p;
MIMAT0003191	rno-miR-493;rno-miR-493-3p;
MIMAT0003192	rno-miR-379;rno-miR-379-5p;
MIMAT0003193	rno-miR-494;rno-miR-494-3p;
MIMAT0003194	rno-miR-376c;rno-miR-376c-3p;
MIMAT0003195	rno-miR-376b*;rno-miR-376b-5p;
MIMAT0003196	rno-miR-376b;rno-miR-376b-3p;
MIMAT0003197	rno-miR-376a*;rno-miR-376a-5p;
MIMAT0003198	rno-miR-376a;rno-miR-376a-3p;
MIMAT0003199	rno-miR-381;rno-miR-381-3p;
MIMAT0003200	rno-miR-487b;rno-miR-487b-3p;
MIMAT0003201	rno-miR-382;rno-miR-382-5p;
MIMAT0003202	rno-miR-382*;rno-miR-382-3p;
MIMAT0003203	rno-miR-485;rno-miR-485-5p;
MIMAT0003204	rno-miR-409-5p;rno-miR-409a-5p;
MIMAT0003205	rno-miR-409-3p;rno-miR-409a-3p;
MIMAT0003206	rno-miR-369-5p;
MIMAT0003207	rno-miR-369-3p;
MIMAT0003208	rno-miR-374;rno-miR-374-5p;
MIMAT0003209	rno-miR-363-5p;rno-miR-363*;rno-miR-363-5p;
MIMAT0003210	rno-miR-363-3p;rno-miR-363;rno-miR-363-3p;
MIMAT0003211	rno-miR-20b;rno-miR-20b-5p;
MIMAT0003212	rno-miR-20b*;rno-miR-20b-3p;
MIMAT0003213	rno-miR-503;rno-miR-503-5p;
MIMAT0003378	rno-miR-378;rno-miR-378*;rno-miR-378a-5p;
MIMAT0003379	rno-miR-422b;rno-miR-378;rno-miR-378a-3p;
MIMAT0003380	rno-miR-505;rno-miR-505-3p;
MIMAT0003381	rno-miR-499;rno-miR-499-5p;
MIMAT0003382	rno-miR-664;rno-miR-664-3p;
MIMAT0003383	rno-miR-497;rno-miR-497-5p;
MIMAT0004637	rno-miR-323*;rno-miR-323-5p;
MIMAT0004639	rno-miR-325-3p;
MIMAT0004641	rno-miR-330;rno-miR-330-5p;
MIMAT0004645	rno-miR-148b-5p;
MIMAT0004646	rno-miR-338*;rno-miR-338-5p;
MIMAT0004648	rno-miR-339-3p;
MIMAT0004650	rno-miR-340-5p;
MIMAT0004652	rno-miR-342-5p;
MIMAT0004654	rno-miR-344-5p;rno-miR-344a-5p;
MIMAT0004655	rno-miR-345-3p;
MIMAT0004705	rno-let-7b*;rno-let-7b-3p;
MIMAT0004706	rno-let-7e*;rno-let-7e-3p;
MIMAT0004707	rno-let-7i*;rno-let-7i-3p;
MIMAT0004708	rno-miR-9*;rno-miR-9a-3p;
MIMAT0004709	rno-miR-10a-3p;
MIMAT0004710	rno-miR-17-3p;rno-miR-17-1-3p;
MIMAT0004711	rno-miR-21*;rno-miR-21-3p;
MIMAT0004712	rno-miR-23a*;rno-miR-23a-5p;
MIMAT0004713	rno-miR-25*;rno-miR-25-5p;
MIMAT0004714	rno-miR-26b*;rno-miR-26b-3p;
MIMAT0004715	rno-miR-27a*;rno-miR-27a-5p;
MIMAT0004716	rno-miR-28*;rno-miR-28-3p;
MIMAT0004717	rno-miR-29b-2*;rno-miR-29b-2-5p;rno-miR-29b-5p;
MIMAT0004718	rno-miR-29a*;rno-miR-29a-5p;
MIMAT0004719	rno-miR-30c-1*;rno-miR-30c-1-3p;
MIMAT0004720	rno-miR-30e*;rno-miR-30e-3p;
MIMAT0004721	rno-miR-30b-3p;
MIMAT0004722	rno-miR-30d*;rno-miR-30d-3p;
MIMAT0004723	rno-miR-34c*;rno-miR-34c-3p;
MIMAT0004724	rno-miR-99a*;rno-miR-99a-3p;
MIMAT0004725	rno-miR-99b*;rno-miR-99b-3p;
MIMAT0004726	rno-miR-101a*;rno-miR-101a-5p;
MIMAT0004727	rno-miR-106b*;rno-miR-106b-3p;
MIMAT0004728	rno-miR-124*;rno-miR-124-5p;
MIMAT0004729	rno-miR-125a-3p;
MIMAT0004730	rno-miR-125b-3p;rno-miR-125b-1-3p;
MIMAT0004731	rno-miR-125b*;
MIMAT0004732	rno-miR-135a*;rno-miR-135a-3p;
MIMAT0004733	rno-miR-136*;rno-miR-136-3p;
MIMAT0004734	rno-miR-138*;rno-miR-138-1*;rno-miR-138-1-3p;
MIMAT0004735	rno-miR-139-3p;
MIMAT0004736	rno-miR-193*;rno-miR-193-5p;rno-miR-193a-5p;
MIMAT0004737	rno-miR-196a*;rno-miR-196a-3p;
MIMAT0004738	rno-miR-199a-3p;
MIMAT0004739	rno-miR-204*;rno-miR-204-3p;
MIMAT0004740	rno-miR-218*;rno-miR-218-2*;rno-miR-218a-2*;rno-miR-218a-2-3p;
MIMAT0004741	rno-miR-219-1-3p;rno-miR-219a-1-3p;
MIMAT0004742	rno-miR-296;rno-miR-296-3p;
MIMAT0004743	rno-miR-300-5p;
MIMAT0004787	rno-miR-543;rno-miR-543-5p;
MIMAT0004791	rno-miR-379*;rno-miR-379-3p;
MIMAT0005278	rno-miR-466b;rno-miR-466b-5p;
MIMAT0005279	rno-miR-466c;rno-miR-466c-5p;
MIMAT0005280	rno-miR-743b;rno-miR-743b-3p;
MIMAT0005281	rno-miR-871;rno-miR-871-5p;
MIMAT0005282	rno-miR-872;rno-miR-872-5p;
MIMAT0005283	rno-miR-872*;rno-miR-872-3p;
MIMAT0005284	rno-miR-874;rno-miR-874-3p;
MIMAT0005285	rno-miR-877;
MIMAT0005286	rno-miR-878;
MIMAT0005287	rno-miR-879;rno-miR-879-5p;
MIMAT0005288	rno-miR-880;rno-miR-880-3p;
MIMAT0005289	rno-miR-881;rno-miR-881-3p;
MIMAT0005290	rno-miR-883;rno-miR-883-3p;
MIMAT0005297	rno-miR-147;
MIMAT0005298	rno-miR-17;
MIMAT0005299	rno-miR-181d;rno-miR-181d-5p;
MIMAT0005300	rno-miR-182;
MIMAT0005301	rno-miR-188;rno-miR-188-5p;
MIMAT0005302	rno-miR-190b;rno-miR-190b-5p;
MIMAT0005303	rno-miR-196c;rno-miR-196c-5p;
MIMAT0005304	rno-miR-301b;rno-miR-301b-3p;
MIMAT0005307	rno-miR-375;rno-miR-375-3p;
MIMAT0005308	rno-miR-380;rno-miR-380-5p;
MIMAT0005309	rno-miR-384-5p;
MIMAT0005310	rno-miR-384-3p;
MIMAT0005311	rno-miR-410;rno-miR-410-3p;
MIMAT0005312	rno-miR-411;rno-miR-411-5p;
MIMAT0005313	rno-miR-423;rno-miR-423-3p;
MIMAT0005314	rno-miR-425;rno-miR-425-5p;
MIMAT0005315	rno-miR-434;rno-miR-434-3p;
MIMAT0005316	rno-miR-455;rno-miR-455-5p;
MIMAT0005317	rno-miR-463;rno-miR-463-3p;
MIMAT0005318	rno-miR-471;rno-miR-471-5p;
MIMAT0005319	rno-miR-484;
MIMAT0005320	rno-miR-495;
MIMAT0005321	rno-miR-500;rno-miR-500-3p;
MIMAT0005322	rno-miR-532-5p;
MIMAT0005323	rno-miR-532-3p;
MIMAT0005324	rno-miR-598-5p;
MIMAT0005325	rno-miR-598-3p;
MIMAT0005326	rno-miR-671;
MIMAT0005327	rno-miR-672;rno-miR-672-5p;
MIMAT0005328	rno-miR-673;rno-miR-673-5p;
MIMAT0005329	rno-miR-674-5p;
MIMAT0005330	rno-miR-674-3p;
MIMAT0005331	rno-miR-708;rno-miR-708-5p;
MIMAT0005332	rno-miR-708*;rno-miR-708-3p;
MIMAT0005333	rno-miR-742;rno-miR-742-3p;
MIMAT0005334	rno-miR-743a;rno-miR-743a-3p;
MIMAT0005335	rno-miR-758;rno-miR-758-3p;
MIMAT0005336	rno-miR-760-5p;
MIMAT0005337	rno-miR-760-3p;
MIMAT0005338	rno-miR-770;rno-miR-770-5p;
MIMAT0005339	rno-miR-873;rno-miR-873-5p;
MIMAT0005340	rno-miR-92b;rno-miR-92b-3p;
MIMAT0005341	rno-miR-488;rno-miR-488-3p;
MIMAT0005342	rno-miR-652;rno-miR-652-3p;
MIMAT0005441	rno-miR-24-2*;rno-miR-24-2-5p;
MIMAT0005442	rno-miR-30c-2*;rno-miR-30c-2-3p;
MIMAT0005445	rno-miR-29b-1*;rno-miR-29b-1-5p;
MIMAT0005446	rno-miR-219-2-3p;rno-miR-219a-2-3p;
MIMAT0005595	rno-miR-146b;rno-miR-146b-5p;
MIMAT0005596	rno-miR-551b;rno-miR-551b-3p;
MIMAT0012822	rno-miR-202;rno-miR-202-5p;
MIMAT0012823	rno-miR-490;rno-miR-490-3p;
MIMAT0012824	rno-miR-513;
MIMAT0012825	rno-miR-105;
MIMAT0012826	rno-miR-220;
MIMAT0012827	rno-miR-1224;
MIMAT0012828	rno-miR-362;rno-miR-362-5p;
MIMAT0012829	rno-miR-511;rno-miR-511-5p;
MIMAT0012830	rno-miR-504;
MIMAT0012831	rno-miR-544;rno-miR-544-3p;
MIMAT0012832	rno-miR-568;
MIMAT0012833	rno-miR-582;rno-miR-582-5p;
MIMAT0012834	rno-miR-592;
MIMAT0012835	rno-miR-615;
MIMAT0012836	rno-miR-628;
MIMAT0012837	rno-miR-632;
MIMAT0012838	rno-miR-653;rno-miR-653-5p;
MIMAT0012839	rno-miR-668;
MIMAT0012840	rno-miR-802;rno-miR-802-5p;
MIMAT0012841	rno-miR-675;rno-miR-675-5p;
MIMAT0012842	rno-miR-875;
MIMAT0012843	rno-miR-876;
MIMAT0012844	rno-miR-665;
MIMAT0012845	rno-miR-935;
MIMAT0012846	rno-miR-201;rno-miR-201-5p;
MIMAT0012847	rno-miR-293;rno-miR-293-5p;
MIMAT0012848	rno-miR-294;
MIMAT0012849	rno-miR-295;rno-miR-295-5p;
MIMAT0012850	rno-miR-465;rno-miR-465-5p;
MIMAT0012851	rno-miR-547;rno-miR-547-3p;
MIMAT0012852	rno-miR-667;rno-miR-667-3p;
MIMAT0012853	rno-miR-761;
MIMAT0012854	rno-miR-764;rno-miR-764-5p;
MIMAT0012855	rno-miR-666;rno-miR-666-5p;
MIMAT0012856	rno-miR-759;
MIMAT0012857	rno-miR-678;
MIMAT0012858	rno-miR-685;
MIMAT0012859	rno-miR-711;
MIMAT0012860	rno-miR-496;rno-miR-496-3p;
MIMAT0017026	rno-miR-301a*;rno-miR-301a-5p;
MIMAT0017028	rno-miR-326*;rno-miR-326-5p;
MIMAT0017029	rno-miR-328a*;rno-miR-328a-5p;
MIMAT0017031	rno-miR-329*;rno-miR-329-5p;
MIMAT0017033	rno-miR-331*;rno-miR-331-5p;
MIMAT0017034	rno-miR-336*;rno-miR-336-3p;
MIMAT0017035	rno-miR-337*;rno-miR-337-5p;
MIMAT0017041	rno-miR-351*;rno-miR-351-3p;
MIMAT0017043	rno-miR-135b*;rno-miR-135b-3p;
MIMAT0017045	rno-miR-101b*;rno-miR-101b-5p;
MIMAT0017085	rno-let-7a-1*;rno-let-7a-1-3p;
MIMAT0017086	rno-let-7a-2*;rno-let-7a-2-3p;
MIMAT0017087	rno-let-7c-1*;rno-let-7c-1-3p;
MIMAT0017088	rno-let-7c-2*;rno-let-7c-2-3p;
MIMAT0017089	rno-let-7f-1*;rno-let-7f-1-3p;
MIMAT0017090	rno-let-7f-2*;rno-let-7f-2-3p;
MIMAT0017091	rno-miR-7a-2*;rno-miR-7a-2-3p;
MIMAT0017092	rno-miR-10b*;rno-miR-10b-3p;
MIMAT0017093	rno-miR-15b*;rno-miR-15b-3p;
MIMAT0017094	rno-miR-16*;rno-miR-16-3p;
MIMAT0017095	rno-miR-18a*;rno-miR-18a-3p;
MIMAT0017096	rno-miR-19b-1*;rno-miR-19b-1-5p;
MIMAT0017097	rno-miR-19b-2*;rno-miR-19b-2-5p;
MIMAT0017098	rno-miR-19a*;rno-miR-19a-5p;
MIMAT0017099	rno-miR-23b*;rno-miR-23b-5p;
MIMAT0017100	rno-miR-26a*;rno-miR-26a-3p;
MIMAT0017101	rno-miR-27b*;rno-miR-27b-5p;
MIMAT0017102	rno-miR-31*;rno-miR-31a-3p;
MIMAT0017103	rno-miR-32*;rno-miR-32-3p;
MIMAT0017104	rno-miR-33*;rno-miR-33-3p;
MIMAT0017105	rno-miR-34b*;rno-miR-34b-3p;
MIMAT0017106	rno-miR-34a*;rno-miR-34a-3p;
MIMAT0017107	rno-miR-92a-1*;rno-miR-92a-1-5p;
MIMAT0017108	rno-miR-92a-2*;rno-miR-92a-2-5p;
MIMAT0017109	rno-miR-93*;rno-miR-93-3p;
MIMAT0017110	rno-miR-96*;rno-miR-96-3p;
MIMAT0017111	rno-miR-98*;rno-miR-98-3p;
MIMAT0017112	rno-miR-100*;rno-miR-100-3p;
MIMAT0017113	rno-miR-103-2*;rno-miR-103-2-5p;
MIMAT0017114	rno-miR-103-1*;rno-miR-103-1-5p;
MIMAT0017115	rno-miR-107*;rno-miR-107-5p;
MIMAT0017116	rno-miR-122*;rno-miR-122-3p;
MIMAT0017117	rno-miR-127*;rno-miR-127-5p;
MIMAT0017118	rno-miR-128-1*;rno-miR-128-1-5p;
MIMAT0017119	rno-miR-128-2*;rno-miR-128-2-5p;
MIMAT0017120	rno-miR-129-1*;rno-miR-129-1-3p;
MIMAT0017121	rno-miR-130a*;rno-miR-130a-5p;
MIMAT0017122	rno-miR-130b*;rno-miR-130b-5p;
MIMAT0017123	rno-miR-132*;rno-miR-132-5p;
MIMAT0017124	rno-miR-133a*;rno-miR-133a-5p;
MIMAT0017125	rno-miR-134*;rno-miR-134-3p;
MIMAT0017126	rno-miR-137*;rno-miR-137-5p;
MIMAT0017127	rno-miR-138-2*;rno-miR-138-2-3p;
MIMAT0017128	rno-miR-141*;rno-miR-141-5p;
MIMAT0017129	rno-miR-143*;rno-miR-143-5p;
MIMAT0017130	rno-miR-144*;rno-miR-144-5p;
MIMAT0017131	rno-miR-145*;rno-miR-145-3p;
MIMAT0017132	rno-miR-146a*;rno-miR-146a-3p;
MIMAT0017133	rno-miR-150*;rno-miR-150-3p;
MIMAT0017134	rno-miR-152*;rno-miR-152-5p;
MIMAT0017135	rno-miR-153*;rno-miR-153-5p;
MIMAT0017136	rno-miR-154*;rno-miR-154-3p;
MIMAT0017137	rno-miR-181c*;rno-miR-181c-3p;
MIMAT0017138	rno-miR-181a-2*;rno-miR-181a-2-3p;
MIMAT0017139	rno-miR-181b-1*;rno-miR-181b-1-3p;
MIMAT0017140	rno-miR-181b-2*;rno-miR-181b-2-3p;
MIMAT0017141	rno-miR-183*;rno-miR-183-3p;
MIMAT0017142	rno-miR-185*;rno-miR-185-3p;
MIMAT0017143	rno-miR-186*;rno-miR-186-3p;
MIMAT0017144	rno-miR-187*;rno-miR-187-5p;
MIMAT0017145	rno-miR-190*;rno-miR-190a-3p;
MIMAT0017146	rno-miR-191*;rno-miR-191a-3p;
MIMAT0017147	rno-miR-192*;rno-miR-192-3p;
MIMAT0017148	rno-miR-194*;rno-miR-194-3p;
MIMAT0017149	rno-miR-195*;rno-miR-195-3p;
MIMAT0017150	rno-miR-200c*;rno-miR-200c-5p;
MIMAT0017151	rno-miR-200a*;rno-miR-200a-5p;
MIMAT0017152	rno-miR-200b*;rno-miR-200b-5p;
MIMAT0017153	rno-miR-203*;rno-miR-203a-5p;
MIMAT0017154	rno-miR-206*;rno-miR-206-5p;
MIMAT0017155	rno-miR-208*;rno-miR-208a-5p;
MIMAT0017156	rno-miR-210*;rno-miR-210-5p;
MIMAT0017157	rno-miR-211*;rno-miR-211-3p;
MIMAT0017158	rno-miR-212*;rno-miR-212-5p;
MIMAT0017159	rno-miR-214*;rno-miR-214-5p;
MIMAT0017160	rno-miR-216a*;rno-miR-216a-3p;
MIMAT0017161	rno-miR-217*;rno-miR-217-3p;
MIMAT0017162	rno-miR-218-1*;rno-miR-218a-1*;rno-miR-218a-1-3p;
MIMAT0017163	rno-miR-221*;rno-miR-221-5p;
MIMAT0017164	rno-miR-222*;rno-miR-222-5p;
MIMAT0017165	rno-miR-223*;rno-miR-223-5p;
MIMAT0017166	rno-miR-298*;rno-miR-298-3p;
MIMAT0017167	rno-miR-299*;rno-miR-299a-3p;
MIMAT0017168	rno-miR-320*;rno-miR-320-5p;
MIMAT0017171	rno-miR-196b*;rno-miR-196b-3p;
MIMAT0017175	rno-miR-421*;rno-miR-421-3p;
MIMAT0017177	rno-miR-448*;rno-miR-448-5p;
MIMAT0017181	rno-miR-449a*;rno-miR-449a-3p;
MIMAT0017183	rno-miR-450a*;rno-miR-450a-3p;
MIMAT0017184	rno-miR-365*;rno-miR-365-5p;
MIMAT0017192	rno-miR-433*;rno-miR-433-5p;
MIMAT0017193	rno-miR-451*;rno-miR-451-3p;
MIMAT0017196	rno-miR-489*;rno-miR-489-5p;
MIMAT0017197	rno-miR-383*;rno-miR-383-3p;
MIMAT0017198	rno-miR-501*;rno-miR-501-3p;
MIMAT0017199	rno-miR-361*;rno-miR-361-3p;
MIMAT0017200	rno-miR-224*;rno-miR-224-3p;
MIMAT0017201	rno-miR-483*;rno-miR-483-5p;
MIMAT0017202	rno-miR-370*;rno-miR-370-5p;
MIMAT0017203	rno-miR-377*;rno-miR-377-5p;
MIMAT0017204	rno-miR-412*;rno-miR-412-5p;
MIMAT0017205	rno-miR-133b*;rno-miR-133b-5p;
MIMAT0017211	rno-miR-540*;rno-miR-540-5p;
MIMAT0017212	rno-miR-539*;rno-miR-539-3p;
MIMAT0017213	rno-miR-541*;rno-miR-541-3p;
MIMAT0017217	rno-miR-493*;rno-miR-493-5p;
MIMAT0017218	rno-miR-494*;rno-miR-494-5p;
MIMAT0017219	rno-miR-376c*;rno-miR-376c-5p;
MIMAT0017220	rno-miR-381*;rno-miR-381-5p;
MIMAT0017221	rno-miR-487b*;rno-miR-487b-5p;
MIMAT0017222	rno-miR-485*;rno-miR-485-3p;
MIMAT0017223	rno-miR-374*;rno-miR-374-3p;
MIMAT0017224	rno-miR-503*;rno-miR-503-3p;
MIMAT0017226	rno-miR-505*;rno-miR-505-5p;
MIMAT0017227	rno-miR-499*;rno-miR-499-3p;
MIMAT0017228	rno-miR-664-1*;rno-miR-664-1-5p;
MIMAT0017229	rno-miR-664-2*;rno-miR-664-2-5p;
MIMAT0017230	rno-miR-497*;rno-miR-497-3p;
MIMAT0017285	rno-miR-466b-1*;rno-miR-466b-1-3p;rno-miR-466b-3p;
MIMAT0017286	rno-miR-466b-2*;rno-miR-466b-2-3p;
MIMAT0017287	rno-miR-466c*;rno-miR-466c-3p;
MIMAT0017288	rno-miR-743b*;rno-miR-743b-5p;
MIMAT0017289	rno-miR-871*;rno-miR-871-3p;
MIMAT0017290	rno-miR-874*;rno-miR-874-5p;
MIMAT0017291	rno-miR-879*;rno-miR-879-3p;
MIMAT0017292	rno-miR-880*;rno-miR-880-5p;
MIMAT0017293	rno-miR-881*;rno-miR-881-5p;
MIMAT0017294	rno-miR-883*;rno-miR-883-5p;
MIMAT0017295	rno-miR-17-2-3p;
MIMAT0017296	rno-miR-181d*;rno-miR-181d-3p;
MIMAT0017297	rno-miR-188*;rno-miR-188-3p;
MIMAT0017298	rno-miR-190b*;rno-miR-190b-3p;
MIMAT0017299	rno-miR-196c*;rno-miR-196c-3p;
MIMAT0017300	rno-miR-301b*;rno-miR-301b-5p;
MIMAT0017301	rno-miR-375*;rno-miR-375-5p;
MIMAT0017302	rno-miR-380*;rno-miR-380-3p;
MIMAT0017303	rno-miR-410*;rno-miR-410-5p;
MIMAT0017304	rno-miR-411*;rno-miR-411-3p;
MIMAT0017305	rno-miR-423*;rno-miR-423-5p;
MIMAT0017306	rno-miR-425*;rno-miR-425-3p;
MIMAT0017307	rno-miR-434*;rno-miR-434-5p;
MIMAT0017308	rno-miR-455*;rno-miR-455-3p;
MIMAT0017309	rno-miR-463*;rno-miR-463-5p;
MIMAT0017310	rno-miR-471*;rno-miR-471-3p;
MIMAT0017311	rno-miR-500*;rno-miR-500-5p;
MIMAT0017312	rno-miR-672*;rno-miR-672-3p;
MIMAT0017313	rno-miR-673*;rno-miR-673-3p;
MIMAT0017314	rno-miR-742*;rno-miR-742-5p;
MIMAT0017315	rno-miR-743a*;rno-miR-743a-5p;
MIMAT0017316	rno-miR-758*;rno-miR-758-5p;
MIMAT0017317	rno-miR-770*;rno-miR-770-3p;
MIMAT0017318	rno-miR-873*;rno-miR-873-3p;
MIMAT0017319	rno-miR-92b*;rno-miR-92b-5p;
MIMAT0017320	rno-miR-488*;rno-miR-488-5p;
MIMAT0017321	rno-miR-652*;rno-miR-652-5p;
MIMAT0017334	rno-miR-146b*;rno-miR-146b-3p;
MIMAT0017335	rno-miR-551b*;rno-miR-551b-5p;
MIMAT0017355	rno-miR-202*;rno-miR-202-3p;
MIMAT0017356	rno-miR-490*;rno-miR-490-5p;
MIMAT0017357	rno-miR-362*;rno-miR-362-3p;
MIMAT0017358	rno-miR-511*;rno-miR-511-3p;
MIMAT0017359	rno-miR-544*;rno-miR-544-5p;
MIMAT0017360	rno-miR-582*;rno-miR-582-3p;
MIMAT0017361	rno-miR-653*;rno-miR-653-3p;
MIMAT0017362	rno-miR-802*;rno-miR-802-3p;
MIMAT0017363	rno-miR-675*;rno-miR-675-3p;
MIMAT0017364	rno-miR-201*;rno-miR-201-3p;
MIMAT0017365	rno-miR-293*;rno-miR-293-3p;
MIMAT0017366	rno-miR-295*;rno-miR-295-3p;
MIMAT0017367	rno-miR-465*;rno-miR-465-3p;
MIMAT0017368	rno-miR-547*;rno-miR-547-5p;
MIMAT0017369	rno-miR-667*;rno-miR-667-5p;
MIMAT0017370	rno-miR-764*;rno-miR-764-3p;
MIMAT0017371	rno-miR-666*;rno-miR-666-3p;
MIMAT0017372	rno-miR-496*;rno-miR-496-5p;
MIMAT0017795	rno-miR-3541;
MIMAT0017796	rno-miR-3542;
MIMAT0017797	rno-miR-3543;
MIMAT0017798	rno-miR-3544;
MIMAT0017799	rno-miR-3545-5p;rno-miR-203b-5p;
MIMAT0017800	rno-miR-3545-3p;rno-miR-203b-3p;
MIMAT0017801	rno-miR-3546;
MIMAT0017802	rno-miR-3547;
MIMAT0017803	rno-miR-449c-5p;
MIMAT0017804	rno-miR-449c-3p;
MIMAT0017805	rno-miR-3085;
MIMAT0017806	rno-miR-3548;
MIMAT0017807	rno-miR-3549;
MIMAT0017808	rno-miR-3550;
MIMAT0017809	rno-miR-3551-5p;
MIMAT0017810	rno-miR-3551-3p;
MIMAT0017811	rno-miR-344b-5p;
MIMAT0017812	rno-miR-344b-2-3p;rno-miR-344b-3p;
MIMAT0017813	rno-miR-3552;
MIMAT0017814	rno-miR-3553;
MIMAT0017815	rno-miR-3074;
MIMAT0017816	rno-miR-3554;rno-miR-31b;
MIMAT0017817	rno-miR-3555;rno-miR-191b;
MIMAT0017818	rno-miR-3556b;
MIMAT0017819	rno-miR-3557-5p;
MIMAT0017820	rno-miR-3557-3p;
MIMAT0017821	rno-miR-3556a;
MIMAT0017822	rno-miR-291b;
MIMAT0017823	rno-miR-3596d;
MIMAT0017824	rno-miR-466d;
MIMAT0017825	rno-miR-3558-5p;
MIMAT0017826	rno-miR-3558-3p;
MIMAT0017827	rno-miR-3559-5p;
MIMAT0017828	rno-miR-3559-3p;
MIMAT0017829	rno-miR-3560;
MIMAT0017830	rno-miR-3561-5p;
MIMAT0017831	rno-miR-3561-3p;
MIMAT0017832	rno-miR-3562;
MIMAT0017833	rno-miR-3563-5p;rno-miR-299b-5p;
MIMAT0017834	rno-miR-3563-3p;rno-miR-299b-3p;
MIMAT0017835	rno-miR-3597-5p;rno-miR-9b-5p;
MIMAT0017836	rno-miR-3597-3p;rno-miR-9b-3p;
MIMAT0017837	rno-miR-3564;
MIMAT0017838	rno-miR-3565;rno-miR-218b;
MIMAT0017839	rno-miR-3065-5p;
MIMAT0017840	rno-miR-3065-3p;
MIMAT0017841	rno-miR-3566;
MIMAT0017842	rno-miR-344a;
MIMAT0017843	rno-miR-3567;rno-miR-126b;
MIMAT0017844	rno-miR-208b-5p;
MIMAT0017845	rno-miR-208b-3p;
MIMAT0017846	rno-miR-216b-5p;
MIMAT0017847	rno-miR-216b-3p;
MIMAT0017848	rno-miR-3568;
MIMAT0017849	rno-miR-3569;
MIMAT0017850	rno-miR-3570;
MIMAT0017851	rno-miR-3571;
MIMAT0017852	rno-miR-1949;
MIMAT0017853	rno-miR-3572;
MIMAT0017854	rno-miR-1188-5p;
MIMAT0017855	rno-miR-1188-3p;
MIMAT0017856	rno-miR-3573-5p;
MIMAT0017857	rno-miR-3573-3p;
MIMAT0017858	rno-miR-1193-5p;
MIMAT0017859	rno-miR-1193-3p;
MIMAT0017860	rno-miR-3574;
MIMAT0017861	rno-miR-3575;
MIMAT0017862	rno-miR-3576;
MIMAT0017863	rno-miR-3577;
MIMAT0017864	rno-miR-1912-5p;
MIMAT0017865	rno-miR-1912-3p;
MIMAT0017866	rno-miR-3578;
MIMAT0017867	rno-miR-3579;
MIMAT0017868	rno-miR-3580-5p;
MIMAT0017869	rno-miR-3580-3p;
MIMAT0017870	rno-miR-3581;rno-miR-409b;
MIMAT0017871	rno-miR-3596b;
MIMAT0017872	rno-miR-3582;rno-miR-133c;
MIMAT0017873	rno-miR-3583-5p;
MIMAT0017874	rno-miR-3583-3p;
MIMAT0017875	rno-miR-3584-5p;
MIMAT0017876	rno-miR-3584-3p;
MIMAT0017877	rno-miR-3596c;
MIMAT0017878	rno-miR-3585-5p;
MIMAT0017879	rno-miR-3585-3p;
MIMAT0017880	rno-miR-3586-5p;
MIMAT0017881	rno-miR-3586-3p;
MIMAT0017882	rno-miR-2964;rno-miR-219b;
MIMAT0017883	rno-miR-3587;
MIMAT0017884	rno-miR-702-5p;
MIMAT0017885	rno-miR-702-3p;
MIMAT0017886	rno-miR-3596a;
MIMAT0017887	rno-miR-3588;
MIMAT0017888	rno-miR-3589;
MIMAT0017889	rno-miR-3590-5p;
MIMAT0017890	rno-miR-3590-3p;
MIMAT0017891	rno-miR-2985;
MIMAT0017892	rno-miR-1249;
MIMAT0017893	rno-miR-3591;rno-miR-122b;
MIMAT0017894	rno-miR-344b-1-3p;
MIMAT0017895	rno-miR-3592;
MIMAT0017896	rno-miR-3593-5p;
MIMAT0017897	rno-miR-3593-3p;
MIMAT0017898	rno-miR-3594-5p;
MIMAT0017899	rno-miR-3594-3p;
MIMAT0017900	rno-miR-3120;
MIMAT0017901	rno-miR-741-5p;
MIMAT0017902	rno-miR-741-3p;
MIMAT0017903	rno-miR-3595;
MIMAT0017904	rno-miR-328b-3p;
MIMAT0024843	rno-miR-1839-5p;
MIMAT0024844	rno-miR-1839-3p;
MIMAT0024845	rno-miR-3068-5p;
MIMAT0024846	rno-miR-3068-3p;
MIMAT0024847	rno-miR-1843-5p;rno-miR-1843a-5p;
MIMAT0024848	rno-miR-1843-3p;rno-miR-1843a-3p;
MIMAT0024849	rno-miR-509-5p;
MIMAT0024850	rno-miR-509-3p;
MIMAT0024851	rno-miR-1306-5p;
MIMAT0024852	rno-miR-1306-3p;
MIMAT0024853	rno-miR-3473;
MIMAT0024854	rno-miR-6215;
MIMAT0024855	rno-miR-378b;
MIMAT0024856	rno-miR-6216;
MIMAT0025047	rno-miR-6314;
MIMAT0025048	rno-miR-3099;
MIMAT0025049	rno-miR-344i;
MIMAT0025050	rno-miR-6315;
MIMAT0025051	rno-miR-3102;
MIMAT0025052	rno-miR-344g;
MIMAT0025053	rno-miR-6316;
MIMAT0025054	rno-miR-6317;
MIMAT0025055	rno-miR-6318;
MIMAT0025056	rno-miR-6319;
MIMAT0025057	rno-miR-3075;
MIMAT0025058	rno-miR-6320;
MIMAT0025059	rno-miR-6321;
MIMAT0025060	rno-miR-1298;
MIMAT0025061	rno-miR-6322;
MIMAT0025062	rno-miR-6323;
MIMAT0025063	rno-miR-6324;
MIMAT0025064	rno-miR-6325;
MIMAT0025065	rno-miR-6326;
MIMAT0025066	rno-miR-6327;
MIMAT0025067	rno-miR-6328;
MIMAT0025068	rno-miR-6329;
MIMAT0025069	rno-miR-6330;
MIMAT0025070	rno-miR-6331;
MIMAT0025071	rno-miR-3072;
MIMAT0025072	rno-miR-679;
MIMAT0025073	rno-miR-6332;
MIMAT0025074	rno-miR-6333;
MIMAT0025075	rno-miR-6334;
MIMAT0026467	rno-miR-125b-2-3p;
MIMAT0029579	rno-miR-7578;
MIMAT0030409	rno-miR-155-5p;
MIMAT0030410	rno-miR-155-3p;
MIMAT0031125	rno-miR-1199-5p;
MIMAT0031126	rno-miR-1199-3p;
MIMAT0035719	rno-let-7g-5p;
MIMAT0035720	rno-let-7g-3p;
MIMAT0035721	rno-miR-1247-5p;
MIMAT0035722	rno-miR-1247-3p;
MIMAT0035723	rno-miR-1297;
MIMAT0035724	rno-miR-148a-5p;
MIMAT0035725	rno-miR-148a-3p;
MIMAT0035726	rno-miR-149-5p;
MIMAT0035727	rno-miR-149-3p;
MIMAT0035728	rno-miR-15a-5p;
MIMAT0035729	rno-miR-15a-3p;
MIMAT0035730	rno-miR-1843b-5p;
MIMAT0035731	rno-miR-1843b-3p;
MIMAT0035732	rno-miR-1896;
MIMAT0035733	rno-miR-193b-5p;
MIMAT0035734	rno-miR-193b-3p;
MIMAT0035735	rno-miR-1956-5p;
MIMAT0035736	rno-miR-1956-3p;
MIMAT0035737	rno-miR-3064-5p;
MIMAT0035738	rno-miR-3064-3p;
MIMAT0035739	rno-miR-3084a-5p;rno-miR-3084a-1-5p;
MIMAT0035740	rno-miR-3084a-3p;
MIMAT0035741	rno-miR-3084b-5p;rno-miR-3084a-5p;
MIMAT0035742	rno-miR-3084b-3p;
MIMAT0035743	rno-miR-3084c-5p;rno-miR-3084b-5p;
MIMAT0035744	rno-miR-3084c-3p;rno-miR-3084b-3p;
MIMAT0035745	rno-miR-3084d;
MIMAT0035746	rno-miR-450b-5p;
MIMAT0035747	rno-miR-450b-3p;
MIMAT0035748	rno-miR-452-5p;
MIMAT0035749	rno-miR-452-3p;
MIMAT0035750	rno-miR-5132-5p;
MIMAT0035751	rno-miR-5132-3p;
MIMAT0035752	rno-miR-762;
MIMAT0037262	rno-miR-466b-4-3p;
MIMAT0037263	rno-miR-1b;
MIMAT0037264	rno-miR-676;
MIMAT0037265	rno-miR-486;
MIMAT0044471	rno-miR-709;
